<?xml version="1.0" encoding="UTF-8"?>
<memberList>
   <!-- 루트 엘리먼트 이름은 .xml 파일 이름과 동일한 이름 사용(과거) -->
   <!-- 개인 정보 표현 문서 작성 -->
   <!-- 복수의 데이터를 표현하는 경우 중간에 적절한 부모 태그 지정 -->
   <!-- 동일한 이름을 가진 엘리먼트인 경우 적절한 소것ㅇ과 값 부여 -->
   <!-- 엘리먼트 하위에는 에릴먼트만 나오도록 한다. -->
   <!-- 특수문자가 포함된 데이터인 경우 cdata를 사용 -->
   <memberInfo>
      <name>진윤비</name>
      <telephone>010-111-222</telephone>
      <curriculumn>
         <sub>java ee</sub>
         <sub>oracle</sub>
         <sub><![CDATA[SERVLET&JSP]]></sub>
      </curriculumn>

   </memberInfo>
   <memberInfo mid="2">
      <name>김경환</name>
      <telephone>010-2222-3333</telephone>
      <curriculumn>
         <sub>java ee</sub>
         <sub>oracle</sub>
         <sub><![CDATA[SERVLET&JSP]]></sub>
      </curriculumn>
   </memberInfo>

</memberList>